1.0,0.0,0.48214286,0.48529412,0.5323741,0.47177419,0.5,0.50948167,0.51546392,0.48785872,0.46560847,0.5,77.0,200.0,45.0,67.0,350.0,84.0,78.0,112.0,51.0,497.0
1.0,23.0,0.42567568,0.4941349,0.50227273,0.47177419,0.52475248,0.52173913,0.5,0.63157895,0.41111111,0.48398577,876.0,131.0,54.0,145.0,99.0,98.0,11.0,68.0,22.0,350.0
2.0,23.0,0.5,0.47335423,0.5,0.47177419,0.48427673,0.45945946,0.36,0.49793266,0.52475248,0.42857143,516.0,254.0,39.0,145.0,32.0,223.0,203.0,245.0,81.0,25.0
1.0,22.0,0.48704663,0.43103448,0.5,0.47177419,0.40277778,0.5,0.39130435,0.45,0.48783977,0.50171821,266.0,11.0,55.0,15.0,117.0,86.0,33.0,103.0,145.0,9.0
2.0,21.0,0.47419355,0.45762712,0.5,0.47177419,0.38709677,0.4368932,0.48484848,0.46382979,0.48,0.46357616,133.0,59.0,111.0,18.0,16.0,777.0,141.0,99.0,81.0,350.0
2.0,23.0,0.51119403,0.48643411,0.45255474,0.47177419,0.45833333,0.53005464,0.4,0.37209302,0.50343643,0.54137116,79.0,200.0,4.0,29.0,875.0,102.0,64.0,101.0,21.0,89.0
1.0,22.0,0.46875,0.48275862,0.23529412,0.47177419,0.54966887,0.50505051,0.5,0.44,0.4137931,0.47244094,82.0,203.0,711.0,18.0,32.0,106.0,113.0,517.0,81.0,22.0
1.0,21.0,0.49333333,0.44444444,0.49238579,0.47177419,0.48920863,0.50548112,0.4981685,0.45914397,0.49228944,0.51401869,74.0,121.0,268.0,18.0,25.0,106.0,131.0,101.0,145.0,22.0
1.0,20.0,0.45751634,0.56390977,0.4137931,0.47177419,0.48148148,0.57142857,0.4507772,0.53125,0.46311475,0.42857143,81.0,106.0,103.0,15.0,117.0,36.0,77.0,50.0,145.0,350.0
2.0,0.0,0.42622951,0.50271739,0.50957854,0.47177419,0.45418327,0.40384615,0.49285714,0.49019608,0.46700508,0.49542962,27.0,33.0,99.0,18.0,21.0,35.0,19.0,84.0,81.0,53.0
1.0,23.0,0.48322148,0.50271739,0.50957854,0.47177419,0.42666667,0.47727273,0.55,0.48310139,0.18181818,0.44242424,77.0,33.0,99.0,18.0,117.0,43.0,32.0,131.0,221.0,202.0
1.0,0.0,0.48529412,0.50652174,0.36842105,0.47177419,0.48765432,0.54304636,0.4375,0.5,0.51339286,0.68421053,777.0,35.0,517.0,67.0,53.0,77.0,23.0,112.0,81.0,432.0
2.0,23.0,0.46875,0.50943396,0.50464807,0.47177419,0.48888889,0.65957447,0.51359517,0.54545455,0.49635036,0.50986501,516.0,62.0,22.0,15.0,80.0,420.0,234.0,517.0,360.0,25.0
1.0,23.0,0.43712575,0.44230769,0.42857143,0.47177419,0.45539906,0.39655172,0.55932203,0.49180328,0.44444444,0.50766871,85.0,5.0,245.0,29.0,101.0,84.0,9.0,238.0,236.0,98.0
1.0,22.0,0.47712418,0.49159664,0.46981132,0.47177419,0.49442379,0.57575758,0.50533808,0.41666667,0.4057971,0.45454545,14.0,113.0,518.0,29.0,117.0,17.0,25.0,84.0,21.0,99.0
1.0,22.0,0.49689441,0.4891945,0.41176471,0.47177419,0.4855643,0.50655022,0.49056604,0.1,0.5,0.46039604,102.0,62.0,103.0,18.0,21.0,429.0,141.0,517.0,81.0,117.0
2.0,1.0,0.4825046,0.46774194,0.5528169,0.48233216,0.47177419,0.52183908,0.66666667,0.51428571,0.47328244,0.49484536,887.0,141.0,84.0,22.0,99.0,420.0,76.0,3.0,51.0,53.0
1.0,1.0,0.50274223,0.38095238,0.40350877,0.47177419,0.47819315,0.51190476,0.52380952,0.35714286,0.4,0.51503759,420.0,11.0,91.0,15.0,89.0,31.0,245.0,517.0,895.0,22.0
1.0,0.0,0.38461538,0.62184874,0.55844156,0.47177419,0.44274809,0.4861461,0.375,0.44285714,0.37704918,0.48154093,24.0,131.0,55.0,29.0,350.0,876.0,20.0,8.0,145.0,235.0
1.0,0.0,0.5,0.59090909,0.48427673,0.47177419,0.44827586,0.50746269,0.42105263,1.0,0.50914634,0.47352941,777.0,19.0,112.0,18.0,21.0,54.0,234.0,157.0,51.0,350.0
2.0,1.0,0.45454545,0.4921875,0.51017442,0.47177419,0.47435897,0.5,0.41818182,0.49468085,0.43181818,0.51111111,133.0,141.0,7.0,15.0,101.0,154.0,60.0,777.0,21.0,32.0
1.0,0.0,0.52727273,0.4587156,0.25,0.47177419,0.47234043,0.44970414,0.50777676,0.49468085,0.52173913,0.48441674,875.0,141.0,517.0,18.0,32.0,48.0,78.0,268.0,81.0,99.0
1.0,23.0,0.33333333,0.51376147,0.54950495,0.47177419,0.46296296,0.38095238,0.6,0.5042735,0.6875,0.62162162,57.0,32.0,112.0,202.0,99.0,39.0,35.0,54.0,119.0,22.0
1.0,22.0,0.70588235,0.29411765,0.42372881,0.47177419,0.43859649,0.4375,0.53435115,0.47641509,0.4962963,0.48333333,86.0,76.0,1.0,18.0,432.0,106.0,876.0,45.0,21.0,12.0
1.0,22.0,0.66666667,0.52631579,0.45714286,0.47177419,0.49259259,0.49704142,0.51449275,0.41148325,0.47333333,0.45390071,17.0,64.0,84.0,15.0,25.0,75.0,131.0,7.0,360.0,412.0
2.0,23.0,0.53431373,0.43333333,0.51495449,0.47177419,0.49444444,0.4567474,0.49938348,0.55491329,0.51317829,0.49518304,113.0,11.0,112.0,15.0,37.0,777.0,131.0,516.0,18.0,157.0
2.0,22.0,0.375,0.47297297,0.49034749,0.47177419,0.42857143,0.53333333,0.45810056,0.51388889,0.41176471,0.46666667,875.0,245.0,777.0,15.0,161.0,117.0,36.0,157.0,236.0,54.0
1.0,22.0,0.48941799,0.5,0.42,0.47177419,0.50649351,0.50909091,0.46987952,0.50605327,0.43055556,0.48686869,79.0,106.0,7.0,18.0,40.0,876.0,33.0,166.0,67.0,101.0
2.0,23.0,0.50478011,0.46680498,0.5,0.47177419,0.48019802,0.55555556,0.48113208,0.50632911,0.51231527,0.48979592,102.0,163.0,236.0,18.0,76.0,887.0,203.0,50.0,81.0,99.0
1.0,23.0,0.50140845,0.44067797,0.45098039,0.47177419,0.33333333,0.52293578,0.45620438,0.49193548,0.48920863,0.328125,76.0,11.0,84.0,67.0,111.0,875.0,102.0,238.0,145.0,117.0
2.0,22.0,0.51219512,0.45070423,0.50307503,0.47177419,0.50110865,0.50857843,0.50331126,0.5297619,0.48858447,0.50947368,86.0,62.0,518.0,18.0,99.0,75.0,25.0,157.0,81.0,50.0
1.0,22.0,0.50704225,0.41891892,0.49078727,0.47177419,0.52282158,0.46474359,0.22857143,0.49333333,0.40697674,0.47368421,150.0,20.0,103.0,67.0,111.0,266.0,154.0,777.0,18.0,50.0
2.0,21.0,0.44626168,0.45695364,0.5,0.47177419,0.54081633,0.5,0.46245059,0.58064516,0.47787611,0.48700173,266.0,30.0,81.0,18.0,40.0,420.0,64.0,517.0,51.0,111.0
2.0,0.0,0.50645482,0.51578947,0.4556962,0.47177419,0.49270073,0.49725275,0.49002849,0.4962963,0.44827586,0.49347258,54.0,104.0,61.0,360.0,111.0,14.0,234.0,84.0,81.0,101.0
2.0,23.0,0.7,0.50362319,0.44339623,0.47177419,0.46728972,0.43859649,0.40909091,0.51,0.44525547,0.49489796,102.0,90.0,4.0,202.0,21.0,17.0,234.0,112.0,236.0,143.0
1.0,22.0,0.49484536,0.43478261,0.50057937,0.47177419,0.44859813,0.48309179,0.53097345,0.5049505,0.50793651,0.49375,58.0,78.0,42.0,18.0,517.0,150.0,131.0,777.0,81.0,43.0
1.0,1.0,0.51558753,0.52785924,0.50937951,0.47177419,0.41176471,0.48333333,0.56097561,0.50819672,0.4453125,0.27027027,54.0,141.0,41.0,202.0,25.0,75.0,245.0,777.0,81.0,101.0
2.0,0.0,0.52238806,0.51304348,0.64,0.47177419,0.48126801,0.4975923,0.50322581,0.5,0.49141455,0.75,67.0,102.0,99.0,21.0,497.0,17.0,245.0,42.0,22.0,111.0
1.0,23.0,0.52083333,0.45479452,0.5,0.47177419,0.47468354,0.46956522,0.38095238,0.49552239,0.41666667,0.51739788,91.0,106.0,50.0,18.0,235.0,777.0,32.0,236.0,45.0,43.0
1.0,23.0,0.49431818,0.42622951,0.37931034,0.47177419,0.4829932,0.47720365,0.43680297,0.51578947,0.5915493,0.55882353,876.0,48.0,777.0,67.0,89.0,266.0,200.0,517.0,145.0,221.0
2.0,22.0,0.47242206,0.46133333,0.49230769,0.47177419,0.45876289,0.54117647,0.48507463,0.47719298,0.45283019,0.54285714,150.0,200.0,55.0,202.0,16.0,114.0,141.0,711.0,115.0,54.0
2.0,0.0,0.48024316,0.47065868,0.46153846,0.47177419,0.5,0.46153846,0.50925926,0.41780822,0.49224806,0.40740741,777.0,3.0,7.0,360.0,53.0,98.0,20.0,517.0,235.0,350.0
2.0,23.0,0.48601399,0.48089172,0.48176583,0.47177419,0.375,0.49842932,0.49069003,0.46153846,0.50515464,0.46835443,67.0,28.0,20.0,18.0,43.0,83.0,32.0,711.0,202.0,99.0
2.0,2.0,0.34482759,0.51086957,0.4964539,0.47177419,0.48291721,0.46612466,0.4962406,0.44444444,0.50666667,0.47252747,58.0,163.0,39.0,235.0,223.0,104.0,102.0,777.0,236.0,45.0
1.0,2.0,0.50141643,0.70588235,0.39393939,0.47177419,0.44025157,0.50837989,0.47593583,0.45454545,0.47769029,0.7,150.0,56.0,112.0,202.0,40.0,517.0,141.0,83.0,67.0,267.0
2.0,1.0,0.51864407,0.53513514,0.49456067,0.47177419,0.49756098,0.51138716,0.52,0.41666667,0.49584488,0.48,50.0,141.0,58.0,18.0,555.0,86.0,887.0,157.0,81.0,34.0
2.0,23.0,0.41216216,0.48167539,0.7027027,0.47177419,0.51509769,0.69230769,0.52192982,0.5099395,0.48684211,0.51121795,41.0,33.0,777.0,29.0,101.0,98.0,56.0,31.0,50.0,235.0
2.0,22.0,0.3,0.45070423,0.50769231,0.47177419,0.49847095,0.42206235,0.46153846,0.4953271,0.51010101,0.33333333,122.0,876.0,7.0,18.0,412.0,63.0,141.0,112.0,202.0,80.0
1.0,1.0,0.55807365,0.52366864,0.56097561,0.47177419,0.45212766,0.58333333,0.36,0.4765625,0.51187335,0.48484848,516.0,141.0,8.0,67.0,21.0,17.0,412.0,777.0,235.0,63.0
2.0,1.0,0.52964427,0.54022989,0.48864592,0.47177419,0.48275862,0.48541667,0.52941176,0.48489933,0.51219512,0.48785425,67.0,876.0,105.0,18.0,99.0,150.0,141.0,142.0,22.0,117.0
1.0,2.0,0.51851852,0.49479167,0.49668874,0.47177419,0.53061224,0.43181818,0.52207792,0.49032258,0.54414414,0.6,22.0,11.0,45.0,18.0,235.0,82.0,64.0,84.0,81.0,35.0
2.0,1.0,0.5,0.49565217,0.48125,0.47177419,0.47058824,0.46963563,0.45299145,0.52818372,0.43589744,0.45192308,164.0,35.0,112.0,18.0,432.0,777.0,76.0,268.0,81.0,99.0
2.0,0.0,0.59649123,0.47058824,0.49578059,0.47177419,0.47004608,0.46875,0.53030303,0.6,0.38983051,0.45519713,420.0,28.0,39.0,18.0,53.0,875.0,141.0,142.0,236.0,25.0
2.0,23.0,0.50473186,0.57407407,0.47177419,0.47676162,0.48843188,0.3902439,0.50915751,0.56818182,0.49574468,0.51507208,45.0,64.0,103.0,202.0,147.0,17.0,131.0,99.0,21.0,22.0
1.0,22.0,0.60204082,0.41818182,0.47177419,0.4742268,0.55645161,0.52702703,0.51086957,0.50356295,0.9,0.48695652,83.0,234.0,103.0,22.0,99.0,122.0,104.0,141.0,81.0,223.0
2.0,22.0,0.50352609,0.5033557,0.47058824,0.47177419,0.42016807,0.49090909,0.57894737,0.42771084,0.35820896,0.48022599,104.0,203.0,55.0,18.0,50.0,102.0,777.0,127.0,145.0,99.0
2.0,21.0,0.47440273,0.3125,0.50376695,0.47177419,0.51136364,0.54501217,0.49097473,0.50090416,0.51724138,0.49818182,777.0,106.0,18.0,67.0,25.0,122.0,141.0,157.0,222.0,54.0
1.0,2.0,0.50209205,0.5,0.48863636,0.47177419,0.73333333,0.45229682,0.44047619,0.37864078,0.52912621,0.57142857,10.0,64.0,157.0,29.0,99.0,122.0,234.0,238.0,21.0,12.0
1.0,2.0,0.49926145,0.56832298,0.48322148,0.47177419,0.73333333,0.51498638,0.53125,0.45454545,0.52631579,0.42040816,67.0,154.0,13.0,18.0,43.0,777.0,876.0,166.0,221.0,350.0
2.0,23.0,0.52112676,0.50051493,0.52793296,0.47177419,0.45217391,0.3,0.49790795,0.50909091,0.46721311,0.49337748,54.0,48.0,236.0,67.0,53.0,154.0,79.0,517.0,15.0,99.0
2.0,23.0,0.52122642,0.47177419,0.52,0.49090909,0.48736462,0.49186992,0.525,0.5223301,0.53289474,0.49902913,24.0,131.0,39.0,498.0,43.0,122.0,64.0,517.0,22.0,89.0
2.0,22.0,0.6,0.44635193,0.49552239,0.47177419,0.4937276,0.5,0.38709677,0.47777778,0.64285714,0.45,67.0,131.0,126.0,18.0,235.0,223.0,203.0,157.0,221.0,497.0
2.0,4.0,0.46961326,0.4469697,0.46586345,0.47177419,0.50496689,0.6,0.5075,0.46153846,0.16666667,0.49794239,875.0,11.0,200.0,29.0,12.0,6.0,48.0,238.0,360.0,235.0
2.0,3.0,0.45454545,0.58823529,0.45454545,0.47177419,0.50434783,1.0,0.51321138,0.49828179,0.5754386,0.53663004,516.0,17.0,517.0,18.0,45.0,10.0,154.0,27.0,202.0,99.0
1.0,2.0,0.47019868,0.49788584,0.51008969,0.47177419,0.50503919,0.51265823,0.50092535,0.484375,0.45263158,0.50749064,122.0,254.0,7.0,18.0,43.0,86.0,875.0,99.0,110.0,101.0
1.0,2.0,0.54166667,0.50071736,0.34375,0.47177419,0.49868766,0.48964803,0.48571429,0.50688976,0.42253521,0.45995423,420.0,234.0,84.0,18.0,147.0,39.0,200.0,238.0,81.0,69.0
2.0,0.0,0.50431034,0.48591549,0.49885584,0.47177419,0.46846847,0.48874598,0.49615385,0.50720461,0.51428571,0.49484536,114.0,163.0,86.0,29.0,350.0,24.0,200.0,105.0,221.0,267.0
2.0,0.0,0.51010101,0.49499666,0.52,0.47177419,0.45588235,0.6875,0.47311828,0.49368542,0.48913043,0.5379538,86.0,421.0,39.0,18.0,235.0,164.0,876.0,711.0,236.0,21.0
1.0,3.0,0.49044586,0.33333333,0.48659626,0.47177419,0.49919743,0.53002611,0.46327684,0.625,0.44787645,0.47619048,86.0,154.0,39.0,67.0,497.0,350.0,62.0,157.0,101.0,10.0
1.0,3.0,0.40449438,0.52895753,0.50426687,0.47177419,0.48387097,0.48828125,0.49658703,0.50642674,0.57211538,0.49871134,86.0,17.0,236.0,29.0,147.0,122.0,104.0,103.0,221.0,161.0
1.0,0.0,0.54225352,0.45945946,0.47716895,0.47177419,0.47305389,0.57142857,0.49791232,0.49448124,0.53846154,0.4738292,6.0,33.0,63.0,29.0,25.0,11.0,234.0,134.0,221.0,57.0
2.0,0.0,0.51428571,0.53846154,0.47476341,0.47177419,0.49202454,0.52252252,0.50078003,0.4965035,0.46341463,0.43478261,54.0,79.0,103.0,18.0,74.0,17.0,200.0,45.0,81.0,25.0
2.0,23.0,0.3875,0.4947644,0.45454545,0.47177419,0.51604938,0.53888131,0.47153025,0.75,0.52477064,0.50259965,57.0,154.0,234.0,18.0,117.0,122.0,80.0,268.0,222.0,12.0
2.0,22.0,0.50840336,0.48626374,0.47575758,0.47177419,0.52224371,0.4719764,0.53932584,0.43213296,0.48852459,0.48275862,50.0,777.0,141.0,18.0,111.0,420.0,11.0,876.0,145.0,267.0
2.0,22.0,0.22222222,0.49136276,0.48883929,0.47177419,0.51401869,0.8,0.49,0.37037037,0.48785425,0.48598131,777.0,234.0,157.0,360.0,117.0,875.0,245.0,238.0,22.0,101.0
2.0,1.0,0.44186047,0.49350649,0.43137255,0.47177419,0.55555556,0.49689441,0.5,0.51758794,0.48828125,0.50070126,48.0,64.0,517.0,360.0,89.0,17.0,154.0,91.0,15.0,21.0
1.0,0.0,0.50571792,0.44368601,0.49530516,0.47177419,0.48780488,0.7,0.49297972,0.42592593,0.48172757,0.51937984,57.0,876.0,711.0,67.0,117.0,98.0,200.0,134.0,51.0,63.0
2.0,2.0,0.53494282,0.49878345,0.5019305,0.49746193,0.47177419,0.51589242,0.3,0.4375,0.50583658,0.44736842,875.0,32.0,777.0,96.0,161.0,17.0,24.0,711.0,236.0,15.0
1.0,1.0,0.55172414,0.52631579,0.3908046,0.47177419,0.45454545,0.52380952,0.48806366,0.36,0.609375,0.48699764,777.0,421.0,122.0,236.0,63.0,67.0,203.0,7.0,81.0,101.0
2.0,0.0,0.47802198,0.48979592,0.52282769,0.47177419,0.51158107,0.5,0.51052632,0.51528384,0.49819495,0.41025641,107.0,245.0,3.0,81.0,517.0,114.0,62.0,99.0,221.0,235.0
1.0,0.0,0.47177419,0.53333333,0.5,0.56666667,0.5115304,0.48484848,0.47524752,0.51648352,0.51754386,0.57261411,17.0,141.0,238.0,236.0,50.0,83.0,154.0,51.0,18.0,412.0
1.0,23.0,0.46815287,0.47727273,0.45895522,0.47177419,0.51694915,0.49116608,0.49896266,0.45531915,0.6,0.46753247,126.0,234.0,55.0,67.0,99.0,420.0,21.0,157.0,76.0,235.0
2.0,0.0,0.4605598,0.52024922,0.55511811,0.47177419,0.49029982,0.33333333,0.49917081,0.50292398,0.50289017,0.47834646,14.0,120.0,101.0,18.0,53.0,516.0,23.0,157.0,360.0,64.0
1.0,23.0,0.68965517,0.47863248,0.5470852,0.47177419,0.49596123,0.54942529,0.51813472,0.45263158,0.47983015,0.37383178,92.0,77.0,101.0,67.0,267.0,122.0,64.0,157.0,21.0,99.0
2.0,0.0,0.47177419,0.45945946,0.46666667,0.46961326,0.49375,0.509375,0.52798054,0.57894737,0.44875346,0.45535714,86.0,131.0,157.0,202.0,25.0,133.0,245.0,31.0,236.0,235.0
1.0,0.0,0.47177419,0.49514563,0.42,0.42553191,0.4911032,0.56,0.50477707,0.34883721,0.45945946,0.46394231,67.0,141.0,157.0,21.0,1.0,777.0,154.0,4.0,202.0,235.0
1.0,23.0,0.47177419,0.38732394,0.39344262,0.48818898,0.42372881,0.54867257,0.48484848,0.44444444,0.66666667,0.48615917,17.0,104.0,777.0,145.0,875.0,114.0,91.0,101.0,119.0,235.0
1.0,0.0,0.51274788,0.49657064,0.47177419,0.5483871,0.51264368,0.5155642,0.45061728,0.48,0.46153846,0.5483871,114.0,76.0,157.0,145.0,117.0,164.0,234.0,112.0,236.0,50.0
1.0,23.0,0.47177419,0.31818182,0.55494505,0.61111111,0.4884058,0.56,0.53103448,0.51190476,0.43877551,0.49240122,17.0,234.0,157.0,18.0,3.0,86.0,11.0,777.0,236.0,101.0
1.0,23.0,0.625,0.51202749,0.45901639,0.47177419,0.5060241,0.48897059,0.48876404,0.375,0.63302752,0.51276102,24.0,131.0,80.0,67.0,350.0,58.0,78.0,517.0,81.0,25.0
1.0,0.0,0.47177419,0.42352941,0.48092369,0.5,0.40310078,0.50591716,0.55208333,0.515625,0.48863636,0.15277778,75.0,105.0,157.0,236.0,89.0,83.0,120.0,103.0,360.0,111.0
1.0,0.0,0.49635036,0.50482759,0.47738693,0.47177419,0.51592357,0.45454545,0.49807445,0.51630435,0.48511166,0.53333333,266.0,102.0,55.0,18.0,99.0,420.0,106.0,27.0,222.0,235.0
1.0,23.0,0.52252252,0.50659341,0.45263158,0.47177419,0.48844146,0.49714286,0.48101266,0.6,0.47263682,0.40853659,157.0,28.0,238.0,29.0,526.0,126.0,876.0,145.0,222.0,89.0
1.0,1.0,0.54330709,0.52380952,0.51369863,0.47177419,0.29166667,0.50619469,0.4691358,0.5,0.50102249,0.48777349,876.0,107.0,517.0,67.0,99.0,266.0,11.0,777.0,202.0,81.0
1.0,0.0,0.56521739,0.5,0.50698603,0.47177419,0.47265625,0.52877698,0.43820225,0.50828729,0.55555556,0.45454545,122.0,35.0,112.0,18.0,43.0,777.0,5.0,103.0,81.0,350.0
2.0,23.0,0.48529412,0.51440329,0.48841355,0.47177419,0.48571429,0.50705467,0.4375,0.5,0.50102249,0.5,126.0,50.0,90.0,29.0,350.0,777.0,154.0,103.0,202.0,99.0
2.0,0.0,0.52647059,0.60344828,0.49472097,0.47177419,0.42592593,0.33333333,0.47826087,0.66666667,0.48126801,0.47338936,54.0,56.0,69.0,67.0,235.0,875.0,7.0,64.0,22.0,21.0
2.0,23.0,0.65384615,0.51093951,0.57894737,0.47177419,0.48529412,0.52233429,0.47630332,0.50179211,0.3968254,0.47246022,777.0,131.0,157.0,18.0,16.0,887.0,29.0,126.0,202.0,21.0
2.0,0.0,0.50965251,0.60606061,0.48559671,0.47177419,0.50516717,0.44897959,0.50552486,0.55555556,0.50440252,0.47738693,777.0,64.0,112.0,67.0,267.0,36.0,19.0,711.0,119.0,99.0
2.0,0.0,0.49543568,0.47177419,0.51792829,0.49621212,0.53676471,0.5027027,0.51077313,0.50593824,0.49595142,0.47464503,76.0,75.0,777.0,145.0,350.0,17.0,203.0,105.0,15.0,235.0
2.0,23.0,0.52407615,0.54148472,0.48484848,0.47177419,0.49804433,0.4691358,0.49658936,0.4935806,0.59615385,0.5631068,41.0,59.0,80.0,15.0,555.0,777.0,1.0,90.0,236.0,350.0
1.0,22.0,0.51394422,0.53317536,0.52244898,0.47177419,0.34615385,0.50161812,0.42272727,0.63043478,0.48908297,0.49070248,17.0,80.0,7.0,18.0,555.0,58.0,202.0,34.0,21.0,99.0
1.0,23.0,0.5492228,0.50933333,0.49844237,0.47177419,0.49379653,0.60714286,0.51282051,0.51282051,0.35869565,0.50668648,122.0,56.0,99.0,67.0,35.0,17.0,131.0,7.0,429.0,89.0
2.0,23.0,0.46629213,0.50132861,0.51041667,0.47177419,0.49539595,0.5,0.50929368,0.4375,0.45925926,0.36363636,39.0,11.0,54.0,29.0,21.0,41.0,56.0,20.0,222.0,26.0
2.0,23.0,0.48148148,0.5625,0.51851852,0.47177419,0.50649351,0.4973545,0.51685393,0.49012776,0.45454545,0.7,84.0,104.0,99.0,29.0,350.0,876.0,35.0,711.0,360.0,26.0
1.0,6.0,0.4619469,0.34027778,0.55230126,0.47177419,0.73333333,0.57446809,0.47330961,0.5952381,0.5625,0.54491018,17.0,76.0,157.0,18.0,99.0,86.0,64.0,105.0,221.0,43.0
1.0,5.0,0.49865229,0.49677419,0.49464012,0.47177419,0.73333333,0.46153846,0.52941176,0.33333333,0.41509434,0.54237288,266.0,48.0,103.0,18.0,43.0,67.0,28.0,157.0,21.0,350.0
1.0,0.0,0.50592885,0.49685535,0.4556962,0.47177419,0.40983607,0.50953206,0.48453608,0.49610895,0.50684932,0.54907975,875.0,64.0,103.0,67.0,43.0,223.0,20.0,13.0,81.0,54.0
1.0,23.0,0.38636364,0.51376147,0.50219298,0.47177419,0.49350649,0.58536585,0.453125,0.52986513,0.52739726,0.46590909,106.0,64.0,90.0,202.0,21.0,240.0,131.0,39.0,81.0,101.0
1.0,23.0,0.4695122,0.51619433,0.53465347,0.47177419,0.51313485,0.5,0.47356828,0.5,0.51181102,0.47945205,80.0,5.0,39.0,29.0,235.0,82.0,104.0,517.0,22.0,555.0
1.0,0.0,0.49541284,0.52261307,0.48837209,0.47177419,0.51612903,0.50133333,0.51836735,0.51442308,0.5,0.45909091,113.0,876.0,145.0,221.0,350.0,223.0,120.0,555.0,51.0,22.0
1.0,23.0,0.51351351,0.5,0.55769231,0.47177419,0.4950495,0.525,0.48898678,0.58823529,0.53284672,0.49450549,164.0,104.0,20.0,202.0,111.0,122.0,154.0,360.0,131.0,99.0
1.0,23.0,0.53846154,0.50338983,0.5,0.47177419,0.49666667,0.50683371,0.48973607,0.47641509,0.51151631,0.54716981,122.0,104.0,54.0,29.0,25.0,126.0,19.0,517.0,360.0,89.0
2.0,0.0,0.53584906,0.56976744,0.47177419,0.47096774,0.48648649,0.54913295,0.47963801,0.42857143,0.5243129,0.46774194,67.0,91.0,45.0,21.0,350.0,86.0,48.0,711.0,51.0,235.0
2.0,23.0,0.48166667,0.49216301,0.47177419,0.46323529,0.50579151,0.5137931,0.45098039,0.49239033,0.36363636,0.42410714,42.0,245.0,45.0,236.0,21.0,27.0,131.0,105.0,222.0,350.0
1.0,23.0,0.51282051,0.52951096,0.50374065,0.47177419,0.49342105,0.54028436,0.4664311,0.49912127,0.49579832,0.60869565,24.0,62.0,777.0,67.0,99.0,126.0,78.0,42.0,202.0,25.0
1.0,0.0,0.55263158,0.48404255,0.52380952,0.47177419,0.37398374,0.48672566,0.48387097,0.49479167,0.56603774,0.5,107.0,876.0,157.0,29.0,161.0,150.0,203.0,518.0,21.0,22.0
2.0,23.0,0.42073171,0.48876404,0.47177419,0.52173913,0.43939394,0.3,0.56369427,0.5010661,0.4453125,0.5102818,114.0,64.0,45.0,67.0,80.0,106.0,107.0,4.0,222.0,89.0
1.0,23.0,0.48902821,0.50284784,0.47177419,0.56183746,0.48278623,0.4980695,0.47368421,0.37234043,0.51521298,0.47087379,67.0,154.0,45.0,145.0,235.0,5.0,234.0,103.0,236.0,555.0
1.0,23.0,0.4625,0.50293255,0.39622642,0.47177419,0.4973262,0.49095023,0.50835322,0.51612903,0.52277657,0.48397436,75.0,102.0,7.0,360.0,111.0,223.0,56.0,711.0,21.0,74.0
2.0,22.0,0.49125596,0.5,0.50485437,0.47177419,0.5,0.52667814,0.48357664,0.528125,0.49019608,0.48493976,17.0,64.0,55.0,67.0,25.0,875.0,121.0,517.0,360.0,80.0
2.0,1.0,0.50974659,0.2,0.47177419,0.53416149,0.7,0.51102204,0.4744186,0.50157978,0.47619048,0.48507463,62.0,104.0,45.0,145.0,412.0,122.0,131.0,105.0,99.0,21.0
2.0,0.0,0.51546392,0.47752809,0.47177419,0.5125,0.58333333,0.46896552,0.50174216,0.49704142,0.52941176,0.43269231,54.0,77.0,45.0,222.0,99.0,420.0,19.0,7.0,21.0,412.0
2.0,0.0,0.50568182,0.50608931,0.47177419,0.496875,0.5,0.6,0.51827243,0.42666667,0.52272727,0.5037037,107.0,11.0,45.0,18.0,35.0,875.0,56.0,5.0,523.0,44.0
2.0,23.0,0.41666667,0.48875256,0.47177419,0.5125523,0.5412844,0.49238579,0.49685535,0.5,0.58823529,0.50691244,114.0,29.0,45.0,360.0,888.0,75.0,777.0,103.0,81.0,63.0
1.0,23.0,0.49285714,0.47826087,0.46783626,0.47177419,0.53191489,0.45,0.46832579,0.51842105,0.50943396,0.45859873,92.0,103.0,76.0,236.0,101.0,67.0,62.0,711.0,221.0,111.0
2.0,22.0,0.46575342,0.54098361,0.4735376,0.47177419,0.49159664,0.48235294,0.47555556,0.47196262,0.47037037,0.35714286,106.0,56.0,143.0,67.0,32.0,92.0,131.0,91.0,221.0,268.0
2.0,1.0,0.51515152,0.55882353,0.47177419,0.52813067,0.49122807,0.4894027,0.48347107,0.49187935,0.34,0.49070632,122.0,120.0,45.0,145.0,267.0,39.0,11.0,3.0,51.0,103.0
2.0,0.0,0.49768875,0.45559846,0.7,0.47177419,0.5245098,0.5039557,0.45695364,0.54222222,0.48157248,0.49130435,420.0,163.0,101.0,67.0,267.0,48.0,78.0,39.0,81.0,40.0
2.0,23.0,0.39318885,0.45901639,0.51033058,0.47177419,0.50721154,0.51893939,0.4676259,0.47619048,0.53191489,0.55555556,157.0,32.0,3.0,29.0,16.0,51.0,11.0,4.0,360.0,89.0
1.0,23.0,0.48648649,0.47177419,0.46666667,0.48467153,0.48447205,0.48328691,0.46276596,0.51315789,0.45,0.5026738,104.0,11.0,101.0,51.0,117.0,236.0,14.0,711.0,81.0,12.0
2.0,23.0,0.47177419,0.50293255,0.46124031,0.56756757,0.45116279,0.41176471,0.5,0.47474747,0.48951049,0.38461538,75.0,102.0,711.0,110.0,26.0,875.0,64.0,84.0,236.0,80.0
1.0,22.0,0.5,0.51735358,0.57142857,0.47177419,0.5,0.53846154,0.4875,0.56,0.49606299,0.52173913,17.0,32.0,518.0,202.0,99.0,516.0,28.0,7.0,18.0,89.0
2.0,0.0,0.51803279,0.46666667,0.5044843,0.47177419,0.50877193,0.50666667,0.5,0.49484536,0.51170569,0.53012048,126.0,64.0,39.0,67.0,350.0,223.0,104.0,134.0,236.0,89.0
1.0,23.0,0.47177419,0.39473684,0.64705882,0.48780488,0.37417219,0.44776119,0.38983051,0.34375,0.46774194,0.40740741,75.0,64.0,145.0,110.0,21.0,68.0,19.0,39.0,202.0,50.0
1.0,22.0,0.44482759,0.51111111,0.52988048,0.47177419,0.46075949,0.47560976,0.51489362,0.5070028,0.38888889,0.51129032,81.0,64.0,711.0,29.0,17.0,122.0,56.0,13.0,202.0,101.0
1.0,22.0,0.48979592,0.48780488,0.47596154,0.47177419,0.50873965,0.46666667,0.49700599,0.46666667,0.46153846,0.57964602,122.0,104.0,126.0,202.0,101.0,235.0,79.0,238.0,81.0,143.0
2.0,21.0,0.44444444,0.53333333,0.49339207,0.47177419,0.5,0.25,0.51587302,0.6,0.5,0.5049505,54.0,62.0,61.0,67.0,25.0,875.0,421.0,27.0,22.0,555.0
1.0,0.0,0.47177419,0.5,0.57142857,0.64864865,0.4,0.50596026,0.53020134,0.5,0.47963801,0.50943396,75.0,517.0,7.0,157.0,777.0,67.0,104.0,33.0,222.0,80.0
2.0,0.0,0.33333333,0.47540984,0.5261324,0.47177419,0.49593496,0.50239234,0.34482759,0.53061224,0.48684211,0.46464646,6.0,154.0,517.0,29.0,99.0,122.0,32.0,3.0,119.0,35.0
1.0,23.0,0.48985507,0.4877193,0.51125402,0.47177419,0.42592593,0.5175,0.3,0.4,0.49248555,0.49473684,106.0,11.0,131.0,202.0,235.0,145.0,203.0,126.0,18.0,40.0
1.0,0.0,0.50549451,0.5,0.46011132,0.47177419,0.53235294,0.51904762,0.5144357,0.5,0.51515152,0.56097561,54.0,64.0,55.0,202.0,25.0,104.0,32.0,91.0,21.0,201.0
2.0,0.0,0.45263158,0.50867052,0.57208238,0.47177419,0.58823529,0.48809524,0.53488372,0.29166667,0.41935484,0.51376147,39.0,80.0,14.0,29.0,99.0,23.0,245.0,55.0,222.0,235.0
2.0,23.0,0.425,0.54020979,0.5026455,0.47177419,0.57454545,0.53571429,0.50490196,0.66666667,0.5625,0.49172577,19.0,11.0,34.0,202.0,25.0,103.0,154.0,157.0,81.0,43.0
1.0,0.0,0.47222222,0.49819495,0.48976378,0.47177419,0.49438202,0.49147727,0.48827292,0.49425287,0.49557522,0.4,6.0,64.0,39.0,29.0,12.0,54.0,245.0,81.0,18.0,350.0
2.0,0.0,0.42,0.5291411,0.48976378,0.47177419,0.465,0.50827423,0.51365546,0.48557692,0.51298701,0.47407407,81.0,56.0,39.0,360.0,412.0,5.0,33.0,103.0,145.0,35.0
2.0,1.0,0.47177419,0.4047619,0.5,0.46961326,0.50417827,0.48670213,0.64516129,0.4953271,0.46875,0.50865998,75.0,104.0,126.0,145.0,101.0,420.0,91.0,105.0,119.0,99.0
1.0,0.0,0.47177419,0.48192771,0.51340996,0.46774194,0.50650407,0.49767442,0.49793559,0.71428571,0.55995475,0.50260078,75.0,19.0,37.0,236.0,14.0,23.0,104.0,34.0,51.0,53.0
2.0,0.0,0.51111111,0.51051051,0.47177419,0.45405405,0.50536585,0.45375723,0.49418605,0.4695122,0.49801325,0.49748744,78.0,64.0,99.0,22.0,80.0,55.0,33.0,888.0,221.0,101.0
2.0,23.0,0.47177419,0.50831354,0.43617021,0.52112676,0.5,0.50847458,0.48148148,0.47194719,0.4,0.51923077,75.0,421.0,84.0,18.0,147.0,106.0,104.0,91.0,221.0,350.0
1.0,23.0,0.47682119,0.50918635,0.43678161,0.47177419,0.51140684,0.43529412,0.48614072,0.48601399,0.44972067,0.48963731,78.0,245.0,711.0,202.0,143.0,92.0,19.0,90.0,51.0,497.0
2.0,22.0,0.47177419,0.46692607,0.46186441,0.51265823,0.50933333,0.51456311,0.50859107,0.46666667,0.5261324,0.5,223.0,5.0,777.0,221.0,350.0,154.0,234.0,517.0,145.0,89.0
1.0,21.0,0.63909774,0.67741935,0.48353909,0.47177419,0.50925291,0.45454545,0.4953271,0.45714286,0.51149425,0.44117647,122.0,64.0,91.0,29.0,26.0,84.0,421.0,157.0,202.0,80.0
2.0,23.0,0.51162791,0.46153846,0.47177419,0.49521204,0.58823529,0.5,0.48677249,0.47435897,0.4695122,0.45321637,266.0,120.0,161.0,29.0,350.0,17.0,104.0,115.0,22.0,45.0
1.0,23.0,0.42982456,0.49920761,0.50110375,0.47177419,0.50246305,0.50943396,0.55510204,0.5046729,0.45,0.4973545,98.0,254.0,8.0,15.0,101.0,777.0,120.0,45.0,202.0,43.0
2.0,23.0,0.48339483,0.48051948,0.51216216,0.47177419,0.55,0.50344828,0.52173913,0.50589868,0.48211244,0.5,10.0,234.0,7.0,202.0,99.0,84.0,77.0,166.0,81.0,555.0
1.0,22.0,0.47177419,0.48993289,0.4852071,0.50898204,0.50943396,0.42528736,0.55555556,0.51267606,0.47558386,0.47478992,67.0,245.0,154.0,202.0,99.0,86.0,25.0,126.0,222.0,117.0
1.0,21.0,0.47177419,0.23076923,0.5,0.50207469,0.49725275,0.52214452,0.40397351,0.41772152,0.49539595,0.48602673,75.0,5.0,45.0,21.0,57.0,10.0,20.0,711.0,18.0,17.0
2.0,21.0,0.47177419,0.51408451,0.53333333,0.44510386,0.37007874,0.60416667,0.5,0.50655022,0.54771784,0.52263374,75.0,141.0,777.0,236.0,80.0,126.0,104.0,112.0,81.0,101.0
1.0,20.0,0.47177419,0.2,0.52071006,0.54063604,0.3853211,0.58536585,0.42657343,0.45098039,0.41428571,0.50503356,75.0,78.0,103.0,222.0,101.0,82.0,35.0,157.0,51.0,143.0
2.0,20.0,0.47177419,0.5077821,0.53007519,0.51724138,0.48366013,0.54545455,0.42465753,0.48192771,0.50551471,0.50104384,75.0,11.0,99.0,21.0,54.0,14.0,5.0,84.0,81.0,43.0
2.0,3.0,0.47177419,0.41176471,0.54065041,0.51041667,0.39130435,0.4848883,0.43181818,0.53846154,0.51369863,0.64705882,75.0,131.0,9.0,202.0,99.0,92.0,79.0,39.0,145.0,25.0
2.0,2.0,0.47177419,0.4,0.49527665,0.49876135,0.27184466,0.50364078,0.49848024,0.38709677,0.50387597,0.47184987,54.0,20.0,18.0,523.0,63.0,86.0,48.0,103.0,222.0,101.0
1.0,1.0,0.47177419,0.51414309,0.48898678,0.50892857,0.44288577,0.46961326,0.51403888,0.15384615,0.51013514,0.48264984,54.0,141.0,711.0,145.0,99.0,17.0,131.0,157.0,222.0,51.0
2.0,1.0,0.47177419,0.50471698,0.488,0.51162791,0.42105263,0.5021097,0.48341232,0.50645161,0.50230415,0.50328947,54.0,238.0,777.0,81.0,22.0,875.0,113.0,711.0,222.0,117.0
2.0,0.0,0.47177419,0.42222222,0.48184818,0.50755668,0.39669421,0.47826087,0.48865979,0.51851852,0.48076923,0.52212389,75.0,5.0,134.0,119.0,45.0,114.0,76.0,105.0,96.0,117.0
1.0,23.0,0.47177419,0.52258065,0.54545455,0.58653846,0.53012048,0.49230769,0.50340507,0.42896936,0.45,0.46884273,75.0,141.0,157.0,11.0,99.0,266.0,17.0,115.0,81.0,101.0
1.0,23.0,0.47177419,0.55319149,0.54356846,0.49866071,0.504164,0.47891566,0.49462366,0.50991501,0.51882845,0.5545977,75.0,104.0,112.0,202.0,16.0,86.0,5.0,517.0,29.0,117.0
2.0,2.0,0.47177419,0.5,0.61538462,0.46666667,0.48717949,0.4,0.52325581,0.50570342,0.49560117,0.500998,75.0,141.0,39.0,81.0,555.0,777.0,35.0,45.0,221.0,99.0
2.0,1.0,0.47177419,0.50666667,0.45728643,0.51707317,0.49448819,0.54545455,0.47157191,0.47619048,0.54545455,0.47368421,17.0,121.0,238.0,81.0,53.0,875.0,92.0,84.0,29.0,497.0
1.0,1.0,0.47177419,0.52380952,0.47826087,0.49815498,0.52,0.5375,0.51851852,0.42105263,0.5,0.48777648,39.0,64.0,236.0,517.0,25.0,777.0,104.0,240.0,81.0,99.0
2.0,0.0,0.47177419,0.48453608,0.46551724,0.51219512,0.5,0.42763158,0.48956661,0.3125,0.56,0.43119266,75.0,24.0,101.0,222.0,54.0,92.0,141.0,91.0,145.0,555.0
1.0,23.0,0.47177419,0.57731959,0.53333333,0.46341463,0.51728723,0.45762712,0.48611111,0.39130435,0.61111111,0.51818182,75.0,2.0,112.0,222.0,32.0,106.0,57.0,429.0,202.0,25.0
1.0,22.0,0.47177419,0.52808989,0.52189142,0.35135135,0.47058824,0.42639594,0.45518868,0.5162037,0.4992272,0.50697674,39.0,104.0,711.0,22.0,53.0,16.0,5.0,101.0,21.0,412.0
1.0,0.0,0.3125,0.47177419,0.58823529,0.49765258,0.48897059,0.49422633,0.54864865,0.54444444,0.47826087,0.375,23.0,131.0,112.0,119.0,53.0,75.0,64.0,238.0,145.0,432.0
2.0,0.0,0.47177419,0.48594378,0.53815261,0.50084602,0.49552239,0.46491228,0.51685393,0.45859873,0.42477876,0.47260274,75.0,79.0,238.0,81.0,518.0,122.0,64.0,55.0,202.0,99.0
2.0,0.0,0.47177419,0.50980392,0.48809524,0.51162791,0.57142857,0.49373041,0.48198198,0.48571429,0.41747573,0.44545455,39.0,104.0,238.0,221.0,412.0,92.0,203.0,13.0,81.0,111.0
2.0,23.0,0.47177419,0.48837209,0.49812734,0.38095238,0.4375,0.45714286,0.5255814,0.55378486,0.50180505,0.4516129,75.0,76.0,42.0,81.0,412.0,23.0,64.0,103.0,21.0,711.0
1.0,23.0,0.47177419,0.3625,0.50461538,0.51612903,0.50176678,0.52791878,0.51449275,0.49583333,0.48333333,0.51421189,75.0,421.0,711.0,145.0,50.0,875.0,35.0,61.0,222.0,110.0
2.0,22.0,0.47177419,0.33333333,0.4631101,0.47328244,0.47727273,0.51492537,0.49848024,0.6,0.5,0.52678571,75.0,238.0,166.0,222.0,888.0,35.0,104.0,103.0,81.0,22.0
1.0,22.0,0.47177419,0.6,0.44,0.42857143,0.51203852,0.47074468,0.50295858,0.45454545,0.50927487,0.4527027,75.0,64.0,101.0,96.0,15.0,122.0,245.0,104.0,360.0,89.0
1.0,0.0,0.47177419,0.47461929,0.50746269,0.46571429,0.48664122,0.52989691,0.50867052,0.50386399,0.50409836,0.49467275,75.0,120.0,4.0,235.0,21.0,126.0,104.0,268.0,222.0,99.0
1.0,0.0,0.47177419,0.14285714,0.5147929,0.50374065,0.47619048,0.51535836,0.40136054,0.50897666,0.47706422,0.49441964,75.0,131.0,38.0,81.0,99.0,54.0,120.0,157.0,360.0,142.0
2.0,23.0,0.47177419,0.46078431,0.47659574,0.49561404,0.49652778,0.56050955,0.8,0.44444444,0.51035323,0.48809524,75.0,59.0,99.0,236.0,7.0,58.0,64.0,4.0,18.0,89.0
1.0,0.0,0.47177419,0.4516129,0.5198556,0.48148148,0.51340996,0.33333333,0.53521127,0.44954128,0.54545455,0.38372093,75.0,234.0,103.0,222.0,888.0,84.0,254.0,245.0,236.0,117.0
2.0,22.0,0.47177419,0.38888889,0.48453608,0.30769231,0.51034483,0.52325581,0.50857143,0.49051095,0.49784017,0.44871795,75.0,102.0,127.0,222.0,117.0,157.0,11.0,55.0,523.0,12.0
1.0,22.0,0.48466258,0.47177419,0.45859873,0.53310105,0.48640483,0.52121212,0.54421769,0.48734177,0.5,0.45614035,141.0,75.0,84.0,81.0,412.0,58.0,31.0,103.0,21.0,350.0
1.0,23.0,0.51879699,0.52884615,0.53787879,0.47177419,0.51851852,0.53214286,0.42647059,0.50914634,0.40909091,0.52105263,68.0,23.0,711.0,360.0,235.0,39.0,887.0,25.0,18.0,111.0
1.0,23.0,0.36231884,0.57894737,0.61904762,0.47177419,0.51148225,0.53305785,0.52727273,0.47711268,0.48356808,0.68518519,221.0,35.0,238.0,67.0,89.0,126.0,19.0,8.0,81.0,43.0
2.0,22.0,0.49053857,0.52873563,0.55194805,0.47177419,0.49009901,0.48148148,0.46728972,0.51639344,0.52849741,0.43137255,82.0,78.0,38.0,15.0,99.0,126.0,104.0,7.0,221.0,350.0
2.0,21.0,0.45876289,0.45783133,0.56451613,0.47177419,0.5152,0.507109,0.54545455,0.50649351,0.57142857,0.49230769,75.0,36.0,74.0,221.0,888.0,126.0,120.0,7.0,360.0,99.0
2.0,23.0,0.50257998,0.54,0.46783626,0.47177419,0.51975052,0.52868852,0.47887324,0.4820394,0.46153846,0.52873563,777.0,421.0,8.0,202.0,63.0,67.0,104.0,84.0,236.0,267.0
1.0,22.0,0.46938776,0.48034934,0.47520661,0.47177419,0.49201278,0.50680272,0.46606335,0.47102804,0.47058824,0.45454545,420.0,887.0,84.0,202.0,99.0,82.0,104.0,777.0,22.0,101.0
2.0,21.0,0.5,0.46511628,0.47222222,0.47177419,0.48951049,0.51769912,0.524,0.5044955,0.49242424,0.46774194,17.0,104.0,516.0,29.0,89.0,91.0,131.0,875.0,202.0,412.0
2.0,0.0,0.63636364,0.52459016,0.34782609,0.47177419,0.58064516,0.48106061,0.44642857,0.44642857,0.48587571,0.49925926,133.0,234.0,7.0,29.0,147.0,114.0,48.0,711.0,81.0,63.0
2.0,23.0,0.51153846,0.51743119,0.46613546,0.47177419,0.55263158,0.4122807,0.41509434,0.52040816,0.40540541,0.47222222,85.0,75.0,711.0,29.0,147.0,24.0,91.0,142.0,145.0,134.0
1.0,23.0,0.49709302,0.61764706,0.49420849,0.47177419,0.49845201,0.52830189,0.5,0.52204176,0.42331288,0.52036199,223.0,245.0,42.0,29.0,101.0,84.0,141.0,142.0,67.0,711.0
1.0,22.0,0.54307116,0.51590106,0.27586207,0.47177419,0.48175182,0.49333333,0.50314465,0.51936219,0.44897959,0.44117647,19.0,63.0,7.0,29.0,111.0,5.0,887.0,517.0,21.0,99.0
1.0,1.0,0.58823529,0.45614035,0.50980392,0.47177419,0.49019608,0.53181818,0.515,0.42553191,0.40677966,0.53944563,83.0,64.0,84.0,18.0,25.0,266.0,120.0,157.0,81.0,101.0
1.0,1.0,0.33333333,0.48214286,0.50961538,0.47177419,0.52581032,0.49090909,0.51051051,0.5316092,0.51298701,0.46153846,777.0,60.0,711.0,221.0,25.0,86.0,56.0,142.0,21.0,89.0
1.0,0.0,0.45833333,0.37735849,0.5509434,0.47177419,0.1,0.56497175,0.59183673,0.5046729,0.49367089,0.29411765,86.0,64.0,84.0,202.0,43.0,777.0,104.0,711.0,81.0,89.0
1.0,23.0,0.52895753,0.48958333,0.4924406,0.47177419,0.39130435,0.59259259,0.48484848,0.4950495,0.50295858,0.5,10.0,141.0,42.0,67.0,117.0,84.0,121.0,157.0,51.0,143.0
2.0,23.0,0.53614458,0.46153846,0.50909091,0.47177419,0.43333333,0.51741294,0.47953216,0.61702128,0.46153846,0.4,122.0,117.0,711.0,67.0,74.0,875.0,121.0,238.0,202.0,40.0
2.0,23.0,0.49122807,0.40437158,0.52777778,0.47177419,0.28,0.51094891,0.42857143,0.48578811,0.47572816,0.55128205,75.0,245.0,45.0,67.0,99.0,126.0,141.0,711.0,51.0,111.0
2.0,22.0,0.55172414,0.5,0.51630435,0.47177419,0.41304348,0.51094891,0.48275862,0.45454545,0.50305499,0.5282392,79.0,23.0,13.0,18.0,111.0,777.0,154.0,238.0,221.0,57.0
1.0,22.0,0.59459459,0.31578947,0.49740933,0.47177419,0.56324582,0.53488372,0.50458716,0.42857143,0.50391645,0.4,111.0,11.0,134.0,221.0,53.0,54.0,76.0,105.0,222.0,89.0
2.0,23.0,0.45238095,0.4950495,0.43939394,0.47177419,0.3902439,0.50970874,0.36363636,0.48076923,0.44545455,0.52542373,19.0,102.0,90.0,202.0,99.0,56.0,5.0,245.0,81.0,101.0
2.0,22.0,0.55232558,0.5014245,0.4950495,0.47177419,0.5,0.421875,0.52739726,0.55384615,0.38888889,0.5,133.0,33.0,112.0,221.0,20.0,83.0,120.0,103.0,81.0,43.0
1.0,21.0,0.41,0.45783133,0.51779935,0.47177419,0.47926267,0.58333333,0.56617647,0.42307692,0.4858156,0.51287554,114.0,234.0,81.0,99.0,89.0,48.0,92.0,134.0,221.0,875.0
2.0,21.0,0.5623987,0.47826087,0.49568966,0.47177419,0.49709302,0.44927536,0.47945205,0.5443038,0.45152355,0.49019608,86.0,102.0,142.0,221.0,43.0,126.0,2.0,103.0,51.0,101.0
1.0,23.0,0.21052632,0.50191571,0.35135135,0.47177419,0.50681818,0.42,0.46067416,0.51737452,0.41666667,0.48677249,86.0,64.0,133.0,202.0,143.0,40.0,76.0,39.0,21.0,235.0
1.0,23.0,0.53172205,0.5106383,0.6,0.47177419,0.5,0.48996656,0.50666667,0.35714286,0.47468354,0.58219178,105.0,28.0,777.0,18.0,25.0,19.0,245.0,3.0,81.0,555.0
2.0,22.0,0.47540984,0.42857143,0.49180328,0.47177419,0.44525547,0.52941176,0.50326797,0.49828179,0.43243243,0.41935484,45.0,254.0,55.0,221.0,99.0,54.0,106.0,777.0,523.0,117.0
2.0,0.0,0.47004608,0.53333333,0.46969697,0.47177419,0.36363636,0.49873418,0.52,0.47368421,0.5,0.47761194,887.0,113.0,99.0,67.0,497.0,23.0,64.0,84.0,221.0,53.0
1.0,23.0,0.5,0.34328358,0.59230769,0.47177419,0.6,0.49373882,0.47916667,0.49797571,0.56382979,0.60220994,13.0,203.0,777.0,67.0,12.0,266.0,64.0,112.0,145.0,350.0
2.0,22.0,0.51851852,0.45833333,0.5,0.47177419,0.50757576,0.4954955,0.46428571,0.46153846,0.51048951,0.46060606,777.0,19.0,3.0,202.0,267.0,240.0,11.0,711.0,21.0,25.0
1.0,23.0,0.46428571,0.50413223,0.42307692,0.47177419,0.52551724,0.55087719,0.48424544,0.52475248,0.44230769,0.49142857,54.0,11.0,157.0,67.0,117.0,23.0,234.0,13.0,222.0,99.0
1.0,23.0,0.27272727,0.47058824,0.55813953,0.47177419,0.39759036,0.6097561,0.56666667,0.46875,0.4278607,0.48387097,86.0,245.0,39.0,22.0,32.0,67.0,56.0,91.0,51.0,101.0
1.0,23.0,0.58571429,0.46808511,0.47177419,0.48148148,0.46699267,0.625,0.47086247,0.54545455,0.45454545,0.52816901,57.0,254.0,103.0,221.0,350.0,92.0,91.0,7.0,51.0,99.0
1.0,22.0,0.53623188,0.43137255,0.47177419,0.44758065,0.44444444,0.5026455,0.51197605,0.51650165,0.49885057,0.50970874,67.0,64.0,161.0,50.0,350.0,83.0,59.0,63.0,81.0,25.0
1.0,21.0,0.46666667,0.50581395,0.49556213,0.47177419,0.46052632,0.49618321,0.53459119,0.43902439,0.45918367,0.47505423,113.0,517.0,64.0,202.0,89.0,221.0,9.0,157.0,222.0,235.0
1.0,21.0,0.52,0.4375,0.5,0.47177419,0.53125,0.51851852,0.46551724,0.45390071,0.47368421,0.50964187,23.0,141.0,84.0,67.0,54.0,133.0,154.0,43.0,202.0,555.0
2.0,23.0,0.47058824,0.49811321,0.51815642,0.47177419,0.5862069,0.4664311,0.5,0.51346154,0.51372549,0.47348485,54.0,56.0,39.0,18.0,350.0,420.0,126.0,32.0,145.0,53.0
2.0,22.0,0.51612903,0.47177419,0.53333333,0.47667638,0.55477032,0.49180328,0.45142857,0.42857143,0.51401869,0.53205128,23.0,20.0,86.0,81.0,350.0,114.0,64.0,517.0,51.0,50.0
2.0,22.0,0.5,0.47177419,0.51282051,0.49075975,0.46504559,0.47260274,0.52621723,0.9,0.51683748,0.50892857,112.0,11.0,777.0,145.0,111.0,30.0,203.0,157.0,51.0,25.0
2.0,0.0,0.50453172,0.46341463,0.56796117,0.47177419,0.4408284,0.525,0.39473684,0.50225734,0.52062868,0.51205674,27.0,91.0,711.0,67.0,21.0,75.0,62.0,45.0,81.0,350.0
2.0,23.0,0.55113636,0.49302326,0.50969213,0.47177419,0.50634697,0.46808511,0.5202864,0.52988691,0.47593583,0.39473684,164.0,84.0,106.0,18.0,350.0,122.0,64.0,517.0,360.0,63.0
1.0,23.0,0.5177665,0.59214502,0.51104972,0.47177419,0.51494253,0.64285714,0.50704225,0.48827292,0.45,0.48502994,240.0,59.0,39.0,67.0,117.0,23.0,141.0,84.0,81.0,555.0
2.0,22.0,0.49520154,0.53125,0.49938348,0.47177419,0.49812734,0.36363636,0.49668874,0.49943246,0.50159236,0.50605327,77.0,777.0,711.0,18.0,517.0,54.0,30.0,238.0,81.0,350.0
2.0,22.0,0.30882353,0.55645161,0.50374813,0.47177419,0.46444444,0.49197861,0.49152542,0.4778157,0.46206897,0.41891892,39.0,48.0,166.0,67.0,53.0,79.0,234.0,55.0,145.0,99.0
1.0,23.0,0.47177419,0.5,0.59090909,0.575,0.42424242,0.44654088,0.46959459,0.46,0.46428571,0.4516129,75.0,203.0,777.0,18.0,19.0,126.0,131.0,238.0,222.0,412.0
2.0,22.0,0.60526316,0.49694501,0.44444444,0.47177419,0.46904315,0.48502994,0.62711864,0.54545455,0.48148148,0.44897959,84.0,154.0,711.0,18.0,350.0,875.0,5.0,101.0,222.0,143.0
1.0,21.0,0.49625935,0.57260274,0.49166667,0.47177419,0.5,0.54385965,0.5,0.54805195,0.5049505,0.49773756,104.0,77.0,68.0,67.0,43.0,236.0,202.0,711.0,131.0,101.0
1.0,23.0,0.49726776,0.39705882,0.47177419,0.5,0.48,0.50359712,0.52048558,0.48292683,0.42105263,0.56074766,92.0,145.0,7.0,19.0,111.0,67.0,48.0,103.0,202.0,99.0
2.0,23.0,0.52542373,0.54545455,0.5,0.47177419,0.36363636,0.33766234,0.47031963,0.50847458,0.39285714,0.49216301,24.0,78.0,777.0,67.0,99.0,5.0,104.0,157.0,145.0,101.0
2.0,22.0,0.51600312,0.32,0.52241715,0.47177419,0.5042735,0.46363636,0.51973684,0.51658768,0.7,0.49152542,875.0,48.0,161.0,202.0,350.0,84.0,106.0,103.0,81.0,117.0
1.0,22.0,0.54054054,0.46551724,0.36585366,0.47177419,0.46,0.47,0.58333333,0.45679012,0.53125,0.43396226,875.0,131.0,7.0,67.0,53.0,777.0,19.0,84.0,18.0,143.0
2.0,23.0,0.33333333,1.0,0.75,0.47177419,0.43881857,0.49593496,0.45283019,0.55454545,0.51934827,0.49661017,39.0,11.0,136.0,67.0,48.0,887.0,64.0,711.0,222.0,43.0
2.0,22.0,0.51917404,0.45945946,0.47868217,0.47177419,0.51388889,0.43243243,0.52631579,0.5,0.45762712,0.46666667,24.0,2.0,39.0,202.0,235.0,223.0,32.0,246.0,51.0,12.0
1.0,22.0,0.529274,0.4829932,0.60616438,0.47177419,0.51969981,0.5186846,0.51937984,0.55905512,0.57142857,0.53333333,86.0,104.0,55.0,67.0,25.0,111.0,131.0,777.0,81.0,43.0
1.0,23.0,0.48,0.35294118,0.51403679,0.47177419,0.49880096,0.48734177,0.47457627,0.52119701,0.5915493,0.33333333,8.0,254.0,55.0,202.0,12.0,777.0,24.0,4.0,360.0,555.0
1.0,22.0,0.51935484,0.50574713,0.50730208,0.47177419,0.5261194,0.46323529,0.52307692,0.49400685,0.51724138,0.49822695,54.0,11.0,711.0,18.0,246.0,17.0,19.0,103.0,235.0,99.0
1.0,23.0,0.45454545,0.52484472,0.59090909,0.47177419,0.52156863,0.51807229,0.55555556,0.5,0.5052356,0.58375635,122.0,5.0,254.0,67.0,63.0,36.0,91.0,39.0,22.0,25.0
2.0,0.0,0.59259259,0.48970252,0.49026764,0.47177419,0.504329,0.56329114,0.52272727,0.52702703,0.49275362,0.51908397,54.0,421.0,711.0,67.0,117.0,106.0,104.0,7.0,81.0,61.0
2.0,23.0,0.48375451,0.42424242,0.46666667,0.47177419,0.66666667,0.50828729,0.46232877,0.51079137,0.5243129,0.5033557,245.0,157.0,777.0,119.0,147.0,67.0,234.0,99.0,202.0,412.0
2.0,23.0,0.46153846,0.59090909,0.50872818,0.47177419,0.47991543,0.55609756,0.51966627,0.48809524,0.50632911,0.53846154,875.0,19.0,99.0,18.0,101.0,203.0,59.0,91.0,81.0,39.0
2.0,22.0,0.52765957,0.60240964,0.50943396,0.47177419,0.50127226,0.52277904,0.57692308,0.51572327,0.6,0.39215686,54.0,154.0,517.0,67.0,350.0,875.0,99.0,91.0,81.0,17.0
1.0,21.0,0.55172414,0.52021563,0.37142857,0.47177419,0.51724138,0.5136612,0.53883495,0.48375451,0.52201258,0.45695364,122.0,19.0,777.0,81.0,350.0,875.0,64.0,90.0,236.0,20.0
2.0,21.0,0.54545455,0.45205479,0.47580645,0.47177419,0.46428571,0.48505435,0.4375,0.54651163,0.54142582,0.47301587,266.0,24.0,777.0,67.0,22.0,107.0,91.0,18.0,51.0,99.0
2.0,22.0,0.50438048,0.49122807,0.48387097,0.47177419,0.50473186,0.42666667,0.47169811,0.52075472,0.52734375,0.45112782,58.0,234.0,90.0,202.0,99.0,157.0,11.0,777.0,51.0,32.0
1.0,21.0,0.45454545,0.54077253,0.4953271,0.47177419,0.45918367,0.53310105,0.47252747,0.25,0.51034483,0.57055215,777.0,64.0,157.0,67.0,99.0,875.0,104.0,84.0,202.0,32.0
1.0,23.0,0.54347826,0.52941176,0.55102041,0.47177419,0.488,0.65384615,0.51851852,0.62962963,0.3,0.6,67.0,876.0,55.0,18.0,235.0,86.0,28.0,103.0,360.0,54.0
1.0,16.0,0.48917749,0.70588235,0.54850746,0.47177419,0.52742616,0.5,0.51473923,0.45637584,0.47887324,0.47945205,114.0,91.0,84.0,81.0,101.0,875.0,141.0,245.0,202.0,555.0
1.0,1.0,0.51081844,0.49193548,0.49596774,0.47177419,0.48898678,0.45098039,0.4765625,0.51724138,0.48752599,0.75,106.0,24.0,876.0,18.0,526.0,37.0,245.0,91.0,236.0,89.0
2.0,23.0,0.52559727,0.46927374,0.575,0.47177419,0.42,0.38693467,0.75,0.42424242,0.53571429,0.52764977,6.0,56.0,61.0,67.0,57.0,58.0,64.0,24.0,51.0,16.0
1.0,22.0,0.43396226,0.56756757,0.51655629,0.47177419,0.48638132,0.44444444,0.42647059,0.57142857,0.51023891,0.45121951,17.0,64.0,51.0,67.0,99.0,39.0,141.0,103.0,21.0,147.0
2.0,21.0,0.54107649,0.50699301,0.52447552,0.47177419,0.58433735,0.58598726,0.5026455,0.61176471,0.42857143,0.49473684,82.0,91.0,23.0,18.0,26.0,54.0,35.0,157.0,222.0,101.0
2.0,20.0,0.50819672,0.5,0.55813953,0.47177419,0.49792531,0.4,0.52307692,0.46853147,0.43243243,0.48473282,114.0,102.0,777.0,18.0,117.0,86.0,11.0,3.0,21.0,99.0
2.0,19.0,0.44444444,0.36363636,0.46666667,0.47177419,0.49146758,0.51650943,0.41304348,0.51968504,0.44827586,0.56818182,164.0,19.0,84.0,67.0,117.0,266.0,141.0,517.0,202.0,99.0
1.0,23.0,0.49044586,0.55555556,0.51898734,0.47177419,0.5625,0.54814815,0.52380952,0.6,0.50434783,0.503367,110.0,56.0,99.0,18.0,161.0,114.0,234.0,8.0,145.0,48.0
1.0,23.0,0.48958333,0.49609652,0.38888889,0.47177419,0.50185185,0.50243112,0.5308642,0.48214286,0.36666667,0.63636364,62.0,876.0,157.0,202.0,35.0,122.0,203.0,254.0,51.0,111.0
1.0,21.0,0.49375,0.27777778,0.66101695,0.47177419,0.50769231,0.63636364,0.5031348,0.46428571,0.44736842,0.4516129,126.0,19.0,711.0,67.0,350.0,75.0,64.0,7.0,51.0,17.0
2.0,23.0,0.43023256,0.56521739,0.48837209,0.47177419,0.46808511,0.52093023,0.43873518,0.625,0.5052755,0.51162791,54.0,101.0,84.0,18.0,2.0,58.0,141.0,245.0,145.0,99.0
1.0,21.0,0.49837134,0.52688172,0.52380952,0.47177419,0.4796748,0.53229974,0.0,0.47953216,0.50506757,0.46022727,33.0,141.0,81.0,67.0,63.0,51.0,35.0,777.0,21.0,25.0
2.0,23.0,0.51485149,0.53913043,0.49494949,0.47177419,0.5030581,0.53818182,0.4987013,0.54651163,0.39393939,0.5,39.0,203.0,103.0,81.0,526.0,92.0,157.0,82.0,67.0,17.0
2.0,22.0,0.41428571,0.47177419,0.5,0.44578313,0.57352941,0.46461538,0.71428571,0.47407407,0.52666667,0.47727273,99.0,18.0,518.0,254.0,25.0,54.0,11.0,81.0,67.0,53.0
2.0,21.0,0.4869186,0.51604278,0.52762431,0.47177419,0.54545455,0.51149425,0.46511628,0.5483871,0.46875,0.49802372,420.0,64.0,142.0,15.0,25.0,45.0,121.0,3.0,222.0,555.0
1.0,21.0,0.44210526,0.5,0.51515152,0.47177419,0.46478873,0.43478261,0.507173,0.5,0.51485149,0.4947245,6.0,11.0,101.0,18.0,117.0,266.0,20.0,3.0,523.0,99.0
2.0,22.0,0.49268293,0.40909091,0.54237288,0.47177419,0.36363636,0.52,0.47147147,0.53174603,0.48360656,0.50965251,84.0,64.0,238.0,202.0,53.0,75.0,11.0,39.0,81.0,412.0
2.0,21.0,0.34782609,0.51926978,0.54166667,0.47177419,0.50733138,0.25,0.51666667,0.53846154,0.4989083,0.52742616,86.0,141.0,777.0,67.0,111.0,17.0,78.0,55.0,498.0,89.0
2.0,20.0,0.5147929,0.48892989,0.5,0.47177419,0.5,0.61904762,0.43457944,0.49220339,0.44559585,0.47619048,67.0,24.0,23.0,18.0,117.0,122.0,141.0,157.0,81.0,350.0
2.0,22.0,0.36363636,0.5,0.56521739,0.47177419,0.5,0.49612403,0.51376147,0.52408759,0.59259259,0.51681957,106.0,238.0,157.0,18.0,412.0,875.0,235.0,21.0,17.0,99.0
1.0,21.0,0.47407407,0.55319149,0.47767857,0.47177419,0.8,0.499002,0.45454545,0.59649123,0.49,0.50777778,122.0,234.0,14.0,67.0,12.0,420.0,11.0,103.0,81.0,147.0
2.0,21.0,0.5,0.27586207,0.48991935,0.47177419,0.51914894,0.48903879,0.44444444,0.35,0.61111111,0.50862069,39.0,78.0,518.0,18.0,89.0,84.0,234.0,238.0,81.0,17.0
2.0,20.0,0.55263158,0.49034175,0.48611111,0.47177419,0.44444444,0.49779736,0.4,0.48741419,0.49048626,0.48130841,114.0,254.0,166.0,18.0,53.0,876.0,5.0,777.0,101.0,37.0
2.0,19.0,0.53208138,0.40740741,0.44791667,0.47177419,0.50702143,0.52786885,0.49122807,0.32692308,0.28571429,0.56140351,84.0,64.0,86.0,18.0,25.0,57.0,2.0,157.0,81.0,35.0
1.0,22.0,0.51724138,0.48387097,0.51428571,0.47177419,0.50306748,0.52218935,0.44444444,0.50675676,0.6,0.5058309,84.0,35.0,13.0,67.0,50.0,150.0,106.0,777.0,236.0,157.0
1.0,21.0,0.5,0.50260417,0.7,0.47177419,0.5060241,0.54450262,0.49453552,0.54166667,0.44303797,0.57142857,887.0,64.0,7.0,18.0,101.0,58.0,35.0,711.0,360.0,99.0
2.0,19.0,0.60869565,0.47727273,0.33333333,0.47177419,0.4,0.53846154,0.59405941,0.41176471,0.5117773,0.65,420.0,238.0,112.0,18.0,32.0,14.0,64.0,777.0,81.0,53.0
1.0,22.0,0.475,0.50938338,0.47058824,0.47177419,0.57142857,0.51604278,0.50746269,0.51587302,0.50515464,0.5,62.0,64.0,99.0,29.0,161.0,236.0,131.0,84.0,222.0,25.0
2.0,0.0,0.51807229,0.49685535,0.53703704,0.47177419,0.49501661,0.42857143,0.54054054,0.50958904,0.4822335,0.5,164.0,64.0,238.0,18.0,143.0,78.0,29.0,157.0,21.0,235.0
1.0,23.0,0.61111111,0.43624161,0.49333333,0.47177419,0.52792793,0.50880626,0.5,0.53846154,0.50245821,0.49477352,98.0,64.0,55.0,67.0,53.0,22.0,11.0,25.0,498.0,555.0
1.0,22.0,0.51428571,0.51851852,0.55737705,0.47177419,0.55737705,0.49038462,0.49381188,0.41666667,0.38461538,0.59836066,58.0,64.0,234.0,18.0,117.0,54.0,75.0,142.0,21.0,350.0
1.0,21.0,0.51428571,0.43949045,0.52173913,0.47177419,0.48335553,0.56145251,0.4893617,0.58666667,0.44615385,0.49259259,48.0,54.0,238.0,360.0,235.0,133.0,64.0,134.0,117.0,236.0
1.0,20.0,0.55555556,0.57692308,0.5,0.47177419,0.53846154,0.45918367,0.50764526,0.50952381,0.48672566,0.50879007,223.0,777.0,36.0,18.0,711.0,122.0,35.0,517.0,222.0,518.0
2.0,21.0,0.51428571,0.5,0.54906542,0.47177419,0.25,0.53333333,0.53333333,0.41818182,0.47159091,0.5,223.0,11.0,517.0,236.0,117.0,350.0,19.0,99.0,51.0,17.0
1.0,20.0,0.47098214,0.46031746,0.48076923,0.47177419,0.14634146,0.27777778,0.4375,0.47897196,0.50588235,0.54054054,126.0,234.0,39.0,18.0,25.0,875.0,141.0,63.0,51.0,350.0
2.0,20.0,0.47884187,0.52777778,0.52380952,0.47177419,0.50893921,0.78571429,0.50239234,0.54008439,0.53012048,0.49565217,54.0,28.0,69.0,67.0,25.0,887.0,11.0,266.0,222.0,53.0
1.0,16.0,0.59055118,0.44444444,0.49382716,0.47177419,0.55072464,0.27272727,0.43119266,0.51891892,0.48795181,0.56140351,122.0,56.0,91.0,18.0,34.0,24.0,29.0,103.0,22.0,12.0
2.0,16.0,0.52826087,0.49716874,0.54411765,0.47177419,0.4375,0.51865672,0.48577236,0.47058824,0.63786008,1.0,75.0,131.0,4.0,236.0,117.0,86.0,5.0,80.0,164.0,18.0
1.0,14.0,0.58139535,0.50890585,0.49635036,0.47177419,0.49698795,0.47540984,0.52708333,0.55258126,0.48484848,0.46987952,75.0,245.0,32.0,18.0,25.0,875.0,64.0,134.0,51.0,16.0
1.0,14.0,0.53179191,0.54098361,0.6137931,0.47177419,0.46153846,0.56,0.54807692,0.44680851,0.46341463,0.59074733,86.0,48.0,711.0,18.0,99.0,84.0,141.0,238.0,67.0,25.0
2.0,23.0,0.46478873,0.47177419,0.46808511,0.44642857,0.5426009,0.49074074,0.575,0.53543307,0.54166667,0.58333333,875.0,161.0,121.0,236.0,57.0,104.0,32.0,103.0,18.0,80.0
2.0,22.0,0.38461538,0.5046729,0.55755396,0.47177419,0.51081731,0.53271028,0.52991453,0.57692308,0.50096712,0.52,516.0,72.0,777.0,67.0,235.0,86.0,120.0,31.0,498.0,350.0
1.0,21.0,0.47244094,0.3125,0.5625,0.47177419,0.43569554,0.50847458,0.61290323,0.47222222,0.46774194,0.46753247,98.0,11.0,7.0,18.0,517.0,875.0,104.0,20.0,81.0,53.0
2.0,20.0,0.4939759,0.49152542,0.52380952,0.47177419,0.53917051,0.41982507,0.49567723,0.46428571,0.46153846,0.50483092,82.0,28.0,25.0,67.0,497.0,48.0,32.0,711.0,498.0,53.0
2.0,0.0,0.5008881,0.53293413,0.4137931,0.47177419,0.41826923,0.49200913,0.49800797,0.49640288,0.49477352,0.46915584,98.0,238.0,777.0,236.0,267.0,78.0,887.0,166.0,51.0,101.0
1.0,23.0,0.51140684,0.58441558,0.50694444,0.47177419,0.25,0.55113636,0.46808511,0.51428571,0.53030303,0.58201058,17.0,59.0,99.0,21.0,117.0,235.0,11.0,134.0,360.0,53.0
1.0,21.0,0.52851711,0.48404255,0.41975309,0.47177419,0.53333333,0.53156823,0.51030928,0.66666667,0.5483871,0.39047619,24.0,59.0,157.0,236.0,267.0,39.0,91.0,103.0,115.0,17.0
2.0,21.0,0.5261194,0.49775785,0.4,0.47177419,0.48087432,0.54444444,0.50704225,0.50352113,0.5443038,0.44444444,17.0,5.0,166.0,236.0,267.0,75.0,238.0,50.0,145.0,53.0
1.0,22.0,0.64583333,0.576,0.44748858,0.47177419,0.48740741,0.47252747,0.4,0.27272727,0.50105708,0.59259259,86.0,154.0,157.0,15.0,143.0,777.0,106.0,91.0,222.0,16.0
1.0,20.0,0.54545455,0.52542373,0.23076923,0.47177419,0.48837209,0.51104972,0.5,0.50340136,0.4,0.47222222,517.0,120.0,875.0,21.0,99.0,31.0,30.0,54.0,236.0,235.0
1.0,22.0,0.48172757,0.51807229,0.55952381,0.47177419,0.51344086,0.47560976,0.48667851,0.58333333,0.5,0.50980392,45.0,20.0,55.0,21.0,350.0,157.0,77.0,38.0,145.0,111.0
2.0,21.0,0.40540541,0.4,0.45945946,0.47177419,0.5045045,0.4673913,0.50368189,0.5443038,0.51732673,0.51013514,10.0,35.0,517.0,21.0,17.0,126.0,59.0,91.0,202.0,50.0
2.0,20.0,0.54545455,0.500998,0.51072961,0.47177419,0.51757188,0.49799197,0.5026643,0.42666667,0.48076923,0.71428571,13.0,154.0,157.0,236.0,267.0,114.0,104.0,517.0,222.0,45.0
1.0,19.0,0.53367876,0.25,0.49740933,0.47177419,0.5,0.51071429,0.48181818,0.50992366,0.48484848,0.46875,41.0,11.0,777.0,18.0,711.0,223.0,56.0,63.0,21.0,89.0
1.0,21.0,0.48341232,0.51153324,0.5,0.47177419,0.53658537,0.35087719,0.48987854,0.54278729,0.36,0.46428571,164.0,104.0,157.0,67.0,89.0,223.0,64.0,84.0,21.0,143.0
2.0,20.0,0.30769231,0.4969697,0.57142857,0.47177419,0.528,0.0,0.48780488,0.43902439,0.69230769,0.53333333,126.0,11.0,131.0,67.0,63.0,517.0,121.0,91.0,115.0,101.0
2.0,19.0,0.43137255,0.456,0.62,0.47177419,0.50537634,0.54883721,0.61538462,0.50485437,0.4754902,0.59615385,875.0,245.0,555.0,360.0,50.0,54.0,64.0,84.0,202.0,101.0
1.0,19.0,0.47126437,0.46666667,0.5125,0.47177419,0.57142857,0.43902439,0.48970252,0.55555556,0.47058824,0.38095238,122.0,876.0,7.0,236.0,111.0,117.0,35.0,238.0,145.0,74.0
1.0,20.0,0.48170732,0.35,0.55357143,0.47177419,0.49224806,0.43820225,0.4507772,0.36585366,0.4556213,0.48328267,122.0,141.0,103.0,18.0,412.0,86.0,875.0,157.0,21.0,99.0
2.0,19.0,0.50497018,0.51724138,0.50610998,0.47177419,0.63636364,0.34285714,0.50067114,0.53106212,0.49943375,0.49217002,777.0,2.0,23.0,18.0,412.0,104.0,25.0,39.0,21.0,555.0
2.0,17.0,0.52074689,0.2,0.49808429,0.47177419,0.35294118,0.53719008,0.36423841,0.47154472,0.38554217,0.5617284,99.0,28.0,223.0,67.0,45.0,17.0,59.0,3.0,51.0,80.0
2.0,16.0,0.47177419,0.5260274,0.46938776,0.50381679,0.47569444,0.8,0.45192308,0.51677852,0.51489362,0.47413793,54.0,35.0,15.0,18.0,412.0,166.0,11.0,90.0,51.0,235.0
1.0,15.0,0.4,0.3,0.49561404,0.47177419,0.3,0.54054054,0.36538462,0.59090909,0.35294118,0.52830189,14.0,28.0,103.0,67.0,875.0,17.0,11.0,84.0,498.0,350.0
2.0,14.0,0.49679487,0.44444444,0.48387097,0.47177419,0.48837209,0.51709402,0.38888889,0.51412429,0.33333333,0.47260274,85.0,64.0,101.0,236.0,235.0,17.0,234.0,711.0,21.0,32.0
1.0,16.0,0.38461538,0.55123675,0.4980916,0.47177419,0.4796748,0.4,0.51098901,0.45689655,0.47826087,0.34782609,875.0,19.0,131.0,360.0,50.0,106.0,104.0,777.0,21.0,99.0
2.0,15.0,0.47109827,0.27272727,0.71428571,0.47177419,0.54054054,0.48626817,0.53503185,0.5106383,0.50577367,0.48958333,86.0,234.0,134.0,22.0,267.0,17.0,203.0,45.0,21.0,81.0
1.0,15.0,0.51774194,0.47745358,0.51741294,0.47177419,0.53694581,0.6779661,0.3877551,0.6097561,0.51666667,0.52380952,86.0,121.0,711.0,18.0,555.0,107.0,102.0,518.0,81.0,35.0
1.0,21.0,0.51381215,0.50902527,0.41975309,0.47177419,0.49272727,0.5,0.46478873,0.5483871,0.47317073,0.37288136,141.0,5.0,131.0,22.0,89.0,104.0,82.0,238.0,21.0,54.0
1.0,20.0,0.55737705,0.41666667,0.50898204,0.47177419,0.50438596,0.5,0.51012146,0.51704545,0.52816901,0.50952381,107.0,11.0,24.0,67.0,53.0,10.0,33.0,55.0,81.0,350.0
2.0,20.0,0.56060606,0.4952381,0.48523207,0.47177419,0.50438596,0.51442308,0.49180328,0.45631068,0.46875,0.51657143,777.0,35.0,246.0,360.0,111.0,39.0,48.0,238.0,15.0,37.0
2.0,18.0,0.48022599,0.54807692,0.4137931,0.47177419,0.48228883,0.48484848,0.5,0.46938776,0.49710145,0.50096339,23.0,11.0,39.0,22.0,53.0,133.0,76.0,517.0,51.0,21.0
2.0,21.0,0.50772201,0.50485437,0.58227848,0.47177419,0.51412429,0.5,0.44444444,0.40217391,0.26315789,0.5,36.0,32.0,238.0,18.0,25.0,122.0,35.0,103.0,523.0,412.0
2.0,20.0,0.25,0.41,0.59259259,0.47177419,0.5047619,0.50980392,0.49790795,0.53416149,0.43627451,0.51804671,7.0,104.0,164.0,67.0,235.0,48.0,35.0,166.0,51.0,412.0
1.0,17.0,0.51758794,0.52020202,0.41232227,0.46007605,0.47177419,0.5994152,0.47058824,0.58071749,0.46648794,0.51758794,39.0,234.0,7.0,110.0,63.0,223.0,245.0,518.0,22.0,235.0
1.0,16.0,0.51257862,0.50248756,0.50724638,0.7,0.47177419,0.46666667,0.34693878,0.48529412,0.44642857,0.50761421,266.0,245.0,64.0,202.0,32.0,39.0,20.0,38.0,42.0,267.0
1.0,15.0,0.53658537,0.47058824,0.47177419,0.46153846,0.49226006,0.48275862,0.51083591,0.4990099,0.4789916,0.49339207,266.0,234.0,161.0,67.0,711.0,157.0,9.0,112.0,81.0,53.0
1.0,3.0,0.45,0.62857143,0.50890585,0.47177419,0.0,0.53448276,0.46938776,0.5,0.375,0.47674419,98.0,11.0,517.0,22.0,32.0,157.0,203.0,777.0,21.0,111.0
1.0,3.0,0.52094718,0.5,0.47177419,0.48623853,0.45394737,0.48330059,0.50077042,0.51485149,0.46979866,0.51111111,164.0,9.0,360.0,61.0,53.0,24.0,56.0,34.0,202.0,44.0
1.0,1.0,0.52830189,0.55648536,0.66666667,0.47177419,0.49929874,0.58208955,0.48387097,0.5,0.57692308,0.56097561,84.0,11.0,517.0,360.0,147.0,39.0,35.0,45.0,110.0,53.0
2.0,23.0,0.41111111,0.41803279,0.53125,0.47177419,0.50687023,0.6056338,0.55932203,0.46938776,0.41176471,0.6125,76.0,31.0,238.0,67.0,201.0,54.0,92.0,69.0,18.0,111.0
2.0,1.0,0.53900709,0.50403226,0.4,0.47177419,0.44051447,0.43333333,0.3,0.47482014,0.41666667,0.51485149,83.0,245.0,99.0,18.0,35.0,223.0,78.0,1.0,81.0,412.0
1.0,0.0,0.78947368,0.33333333,0.53108348,0.47177419,0.49757674,0.39583333,0.3,0.31818182,0.55263158,0.5,517.0,238.0,875.0,18.0,89.0,48.0,114.0,55.0,21.0,12.0
1.0,23.0,0.4556962,0.49029126,0.47912886,0.47177419,0.45762712,0.5,0.50542636,0.42857143,0.48484848,0.48369565,83.0,104.0,62.0,67.0,412.0,27.0,5.0,7.0,18.0,37.0
1.0,21.0,0.47177419,0.49264706,0.490625,0.48895899,0.52380952,0.43478261,0.27272727,0.46808511,0.48387097,0.46831956,67.0,35.0,34.0,222.0,117.0,104.0,9.0,58.0,523.0,412.0
2.0,19.0,0.47177419,0.44444444,0.43333333,0.54,0.52331606,0.51639344,0.578125,0.56756757,0.55111111,0.482066,54.0,56.0,4.0,51.0,99.0,24.0,64.0,127.0,81.0,25.0
2.0,21.0,0.46875,0.44444444,0.58730159,0.47177419,0.57894737,0.54761905,0.58823529,0.38461538,0.49438202,0.54421769,24.0,141.0,517.0,81.0,99.0,75.0,59.0,55.0,15.0,412.0
2.0,20.0,0.33333333,0.48698885,0.50892857,0.47177419,0.50847458,0.55882353,0.49566724,0.62903226,0.55555556,0.43589744,223.0,11.0,13.0,18.0,50.0,875.0,141.0,517.0,360.0,25.0
1.0,19.0,0.58333333,0.48821549,0.5,0.47177419,0.1,0.4,0.53846154,0.4516129,0.43396226,0.49441341,23.0,121.0,157.0,67.0,235.0,39.0,163.0,777.0,18.0,89.0
1.0,19.0,0.52380952,0.33333333,0.63636364,0.47177419,0.28571429,0.51155116,0.36734694,0.42857143,0.51266586,0.47169811,777.0,32.0,157.0,67.0,518.0,48.0,254.0,80.0,236.0,101.0
1.0,17.0,0.50854701,0.45714286,0.47368421,0.47177419,0.47588424,0.46268657,0.41666667,0.45977011,0.46846847,0.40140845,122.0,203.0,38.0,81.0,161.0,876.0,11.0,18.0,429.0,3.0
1.0,14.0,0.37209302,0.54166667,0.6,0.47177419,0.44578313,0.46103896,0.49438202,0.49422633,0.59090909,0.55573248,266.0,5.0,54.0,81.0,99.0,164.0,11.0,131.0,110.0,1.0
1.0,0.0,0.44827586,0.43298969,0.82758621,0.47177419,0.4076087,0.48972603,0.51612903,0.46428571,0.27272727,0.46864686,122.0,245.0,91.0,67.0,117.0,85.0,32.0,55.0,81.0,99.0
2.0,23.0,0.51363636,0.51330798,0.48108108,0.47177419,0.49512671,0.56774194,0.49132948,0.47368421,0.5862069,0.51877133,75.0,141.0,134.0,81.0,117.0,35.0,104.0,166.0,145.0,12.0
2.0,23.0,0.56774194,0.63829787,0.47368421,0.47177419,0.49512671,0.52941176,0.57142857,0.625,0.50133333,0.49865952,35.0,17.0,166.0,18.0,117.0,223.0,56.0,3.0,21.0,74.0
2.0,21.0,0.51219512,0.52083333,0.66666667,0.47177419,0.5,0.50558659,0.44117647,0.52380952,0.5161987,0.45945946,54.0,76.0,91.0,67.0,89.0,106.0,11.0,134.0,22.0,12.0
1.0,20.0,0.50044924,0.57142857,0.49462366,0.5106383,0.47177419,0.49777778,0.51535088,0.46575342,0.48979592,0.40909091,84.0,59.0,99.0,145.0,16.0,78.0,24.0,234.0,236.0,518.0
2.0,21.0,0.41333333,0.58823529,0.48101266,0.47177419,0.47058824,0.51076923,0.47368421,0.48449612,0.5080292,0.58333333,82.0,64.0,238.0,18.0,17.0,39.0,78.0,55.0,222.0,99.0
1.0,20.0,0.47540984,0.51798561,0.49894515,0.47177419,0.47972973,0.4,0.48917197,0.45454545,0.41176471,0.48657718,166.0,78.0,55.0,18.0,555.0,114.0,203.0,103.0,22.0,53.0
2.0,15.0,0.52112676,0.37254902,0.51327434,0.47177419,0.45792079,0.53846154,0.46376812,0.48550725,0.51515152,0.3,82.0,234.0,84.0,18.0,12.0,420.0,64.0,91.0,21.0,497.0
1.0,14.0,0.45320197,0.11764706,0.5862069,0.47177419,0.45736434,0.45945946,0.53333333,0.43552311,0.40277778,0.46153846,23.0,5.0,39.0,360.0,99.0,516.0,33.0,59.0,145.0,111.0
1.0,19.0,0.57142857,0.39583333,0.51020408,0.47177419,0.46060606,0.66666667,0.48571429,0.51262136,0.52664577,0.1,78.0,19.0,266.0,360.0,53.0,122.0,11.0,157.0,236.0,238.0
2.0,22.0,0.44615385,0.45454545,0.42105263,0.47177419,0.54326923,0.49763033,0.51152074,0.53138075,0.5270936,0.50510204,517.0,104.0,518.0,81.0,161.0,223.0,141.0,101.0,51.0,89.0
2.0,21.0,0.45714286,0.57894737,0.4,0.47177419,0.4556962,0.49131514,0.49775785,0.58536585,0.50948509,0.552,23.0,56.0,238.0,67.0,99.0,420.0,234.0,13.0,81.0,25.0
2.0,21.0,0.57142857,0.53,0.49220779,0.47177419,0.51081731,0.33333333,0.48333333,0.48538012,0.6,0.52564103,54.0,48.0,45.0,67.0,235.0,92.0,141.0,777.0,145.0,111.0
1.0,20.0,0.49308756,0.47826087,0.46511628,0.47177419,0.50203252,0.32142857,0.46153846,0.35714286,0.46451613,0.37931034,133.0,19.0,55.0,360.0,4.0,126.0,48.0,517.0,115.0,99.0
2.0,16.0,0.50215208,0.48913043,0.51219512,0.47177419,0.50177936,0.57894737,0.54081633,0.53333333,0.6474359,0.375,85.0,64.0,142.0,18.0,25.0,54.0,117.0,517.0,67.0,56.0
2.0,15.0,0.38461538,0.47761194,0.51889169,0.47177419,0.48962656,0.42857143,0.5210084,0.5,0.53191489,0.53571429,517.0,234.0,238.0,360.0,555.0,81.0,56.0,235.0,64.0,37.0
1.0,14.0,0.52631579,0.53543307,0.50761421,0.47177419,0.58823529,0.49090909,0.14285714,0.4516129,0.51724138,0.55165289,150.0,35.0,517.0,67.0,25.0,875.0,64.0,84.0,161.0,163.0
1.0,14.0,0.56737589,0.51886792,0.56122449,0.47177419,0.50133333,0.4,0.49032258,0.48905109,0.5,0.51948052,80.0,154.0,84.0,18.0,235.0,82.0,234.0,777.0,429.0,350.0
1.0,23.0,0.51623932,0.59340659,0.50322581,0.47177419,0.42105263,0.51376147,0.50708215,0.48962656,0.41176471,0.50325098,75.0,9.0,56.0,67.0,40.0,114.0,64.0,8.0,81.0,99.0
2.0,19.0,0.36363636,0.51621622,0.28,0.47177419,0.83333333,0.56565657,0.5,0.40559441,0.4494382,0.2,112.0,120.0,62.0,67.0,111.0,74.0,141.0,268.0,18.0,89.0
1.0,8.0,0.4841629,0.49180328,0.56481481,0.47177419,0.48685594,0.43478261,0.55555556,0.49570201,0.60344828,0.27272727,39.0,2.0,38.0,18.0,12.0,875.0,35.0,103.0,360.0,40.0
2.0,20.0,0.6,0.4,0.45,0.47177419,0.5,0.47987616,0.43589744,0.5157385,0.41477273,0.47706422,164.0,76.0,63.0,18.0,235.0,516.0,141.0,105.0,222.0,555.0
2.0,23.0,0.45578231,0.4025974,0.52275683,0.47177419,0.44444444,0.57142857,0.46455696,0.5,0.5,0.57179487,117.0,11.0,517.0,360.0,111.0,238.0,35.0,126.0,81.0,89.0
1.0,19.0,0.50704225,0.54545455,0.63380282,0.47177419,0.41666667,0.47058824,0.48208469,0.51980198,0.6,0.66666667,39.0,64.0,246.0,18.0,25.0,74.0,131.0,517.0,99.0,81.0
2.0,21.0,0.46153846,0.5704698,0.54166667,0.47177419,0.73333333,0.50697674,0.47435897,0.49537037,0.5,0.48987854,420.0,24.0,7.0,81.0,25.0,54.0,234.0,126.0,360.0,12.0
2.0,21.0,0.44444444,0.5320197,0.48870637,0.47177419,0.73333333,0.48948375,0.38095238,0.46625767,0.40740741,0.53333333,114.0,91.0,19.0,360.0,57.0,126.0,234.0,81.0,157.0,111.0
1.0,20.0,0.51886792,0.50145773,0.46491228,0.47177419,0.73333333,0.49348534,0.47959184,0.30769231,0.45263158,0.27777778,24.0,5.0,517.0,18.0,117.0,223.0,234.0,99.0,81.0,25.0
1.0,19.0,0.65,0.54929577,0.44444444,0.47177419,0.73333333,0.45970149,0.6,0.46280992,0.50122249,0.46223565,150.0,141.0,4.0,360.0,89.0,223.0,64.0,3.0,22.0,99.0
2.0,19.0,0.52631579,0.34782609,0.54098361,0.47177419,0.52261307,0.57142857,0.53061224,0.33333333,0.448,0.39473684,62.0,11.0,115.0,360.0,12.0,114.0,245.0,555.0,67.0,53.0
1.0,23.0,0.48806366,0.39285714,0.47177419,0.51056338,0.58536585,0.43076923,0.50943396,0.51666667,0.16666667,0.5,54.0,11.0,81.0,51.0,45.0,39.0,517.0,112.0,22.0,147.0
1.0,0.0,0.4887218,0.50372208,0.47674419,0.47177419,0.49284436,0.7,0.44186047,0.58823529,0.49431818,0.50847458,106.0,5.0,55.0,360.0,555.0,54.0,121.0,245.0,222.0,117.0
1.0,22.0,0.55769231,0.47959184,0.53125,0.47177419,0.49056604,0.48022599,0.57432432,0.59210526,0.61111111,0.575,517.0,11.0,555.0,81.0,25.0,90.0,29.0,99.0,15.0,89.0
2.0,22.0,0.41176471,0.49249249,0.48,0.47177419,0.3,0.49136276,0.38461538,0.44444444,0.48717949,0.55833333,54.0,64.0,777.0,360.0,3.0,516.0,32.0,517.0,236.0,350.0
1.0,21.0,0.55737705,0.52941176,0.49905123,0.47177419,0.43939394,0.55517241,0.4875,0.48235294,0.5031185,0.4516129,114.0,76.0,517.0,360.0,57.0,122.0,104.0,99.0,15.0,63.0
2.0,20.0,0.57788945,0.51666667,0.50564972,0.47177419,0.36842105,0.5,0.5202864,0.49679487,0.375,0.31372549,84.0,35.0,517.0,18.0,101.0,114.0,141.0,7.0,236.0,14.0
1.0,22.0,0.45238095,0.48170732,0.58333333,0.47177419,0.3,0.39655172,0.53429603,0.4922179,0.48913043,0.47368421,82.0,164.0,7.0,15.0,117.0,58.0,141.0,157.0,81.0,350.0
2.0,23.0,0.35658915,0.45454545,0.44680851,0.47177419,0.49350649,0.46530612,0.54612546,0.62068966,0.50830565,0.52873563,67.0,64.0,240.0,18.0,497.0,86.0,36.0,39.0,145.0,89.0
2.0,22.0,0.43617021,0.48301887,0.51428571,0.47177419,0.46625767,0.4797048,0.51977401,0.49873418,0.50503919,0.50093809,36.0,427.0,517.0,22.0,25.0,82.0,234.0,236.0,222.0,74.0
1.0,21.0,0.53781513,0.46835443,0.5,0.47177419,0.59,0.5058548,0.4973822,0.46212121,0.53405995,0.50537634,82.0,121.0,55.0,18.0,497.0,164.0,77.0,157.0,81.0,12.0
2.0,23.0,0.55862069,0.47916667,0.47177419,0.60869565,0.46969697,0.49612403,0.50970874,0.65217391,0.55555556,0.54263566,74.0,59.0,45.0,81.0,117.0,875.0,131.0,127.0,21.0,526.0
1.0,20.0,0.46341463,0.37837838,0.575,0.47177419,0.4,0.36363636,0.44444444,0.38461538,0.44311377,0.5042735,24.0,56.0,91.0,15.0,101.0,36.0,76.0,99.0,110.0,25.0
1.0,23.0,0.47619048,0.52061856,0.42857143,0.47177419,0.59322034,0.51428571,0.575,0.48829431,0.51336898,0.49090909,54.0,64.0,67.0,18.0,875.0,68.0,5.0,517.0,498.0,43.0
